Genotype,Sample,Cytokine,Treatment,Concentration,Avg.Cupri.Neg.All
XXO,199,Eotaxin,Control,17.35,14.29473684
XXO,201,Eotaxin,Control,18.22,14.29473684
XXO,154,Eotaxin,Control,12.07,14.29473684
XXO,155,Eotaxin,Control,9.87,14.29473684
XXO,153,Eotaxin,Control,22.09,14.29473684
XYO,162,Eotaxin,Control,28.73,14.29473684
XYO,170,Eotaxin,Control,21.24,14.29473684
XXT,158,Eotaxin,Control,17.35,14.29473684
XXT,160,Eotaxin,Control,10.75,14.29473684
XXT,165,Eotaxin,Control,16.7,14.29473684
XXT,167,Eotaxin,Control,11.63,14.29473684
XXT,168,Eotaxin,Control,15.6,14.29473684
XYT,159,Eotaxin,Control,17.35,14.29473684
XYT,202,Eotaxin,Control,28.94,14.29473684
XYT,203,Eotaxin,Control,3.55,14.29473684
XYT,204,Eotaxin,Control,13.4,14.29473684
XXO,164,Eotaxin,Cuprizone,8.56,14.29473684
XXO,176,Eotaxin,Cuprizone,8.56,14.29473684
XXO,179,Eotaxin,Cuprizone,12.74,14.29473684
XXO,185,Eotaxin,Cuprizone,11.63,14.29473684
XYO,177,Eotaxin,Cuprizone,8.56,14.29473684
XYO,178,Eotaxin,Cuprizone,14.72,14.29473684
XYO,193,Eotaxin,Cuprizone,7.69,14.29473684
XYO,184,Eotaxin,Cuprizone,23.58,14.29473684
XXT,175,Eotaxin,Cuprizone,14.28,14.29473684
XXT,181,Eotaxin,Cuprizone,5.78,14.29473684
XXT,182,Eotaxin,Cuprizone,8.56,14.29473684
XXT,186,Eotaxin,Cuprizone,10.75,14.29473684
XXT,187,Eotaxin,Cuprizone,14.72,14.29473684
XXT,183,Eotaxin,Cuprizone,13.4,14.29473684
XYT,180,Eotaxin,Cuprizone,9.21,14.29473684
XYT,172,Eotaxin,Cuprizone,9,14.29473684
XYT,173,Eotaxin,Cuprizone,11.19,14.29473684
XYT,174,Eotaxin,Cuprizone,9.43,14.29473684
XYO,859,Eotaxin,Control,1.8,14.29473684
XYO,839,Eotaxin,Control,3.16,14.29473684
XYO,895,Eotaxin,Control,1.8,14.29473684
XXO,199,GM-CSF,Control,28.38,27.85894737
XXO,201,GM-CSF,Control,30.89,27.85894737
XXO,154,GM-CSF,Control,30.89,27.85894737
XXO,155,GM-CSF,Control,23.08,27.85894737
XXO,153,GM-CSF,Control,30.89,27.85894737
XYO,162,GM-CSF,Control,37.89,27.85894737
XYO,170,GM-CSF,Control,35.63,27.85894737
XXT,158,GM-CSF,Control,28.38,27.85894737
XXT,160,GM-CSF,Control,25.78,27.85894737
XXT,165,GM-CSF,Control,28.38,27.85894737
XXT,167,GM-CSF,Control,25.78,27.85894737
XXT,168,GM-CSF,Control,20.25,27.85894737
XYT,159,GM-CSF,Control,33.3,27.85894737
XYT,202,GM-CSF,Control,44.28,27.85894737
XYT,203,GM-CSF,Control,23.08,27.85894737
XYT,204,GM-CSF,Control,28.38,27.85894737
XXO,164,GM-CSF,Cuprizone,25.78,27.85894737
XXO,176,GM-CSF,Cuprizone,23.08,27.85894737
XXO,179,GM-CSF,Cuprizone,23.08,27.85894737
XXO,185,GM-CSF,Cuprizone,27.1,27.85894737
XYO,177,GM-CSF,Cuprizone,28.38,27.85894737
XYO,178,GM-CSF,Cuprizone,28.38,27.85894737
XYO,193,GM-CSF,Cuprizone,28.38,27.85894737
XYO,184,GM-CSF,Cuprizone,30.89,27.85894737
XXT,175,GM-CSF,Cuprizone,25.78,27.85894737
XXT,181,GM-CSF,Cuprizone,21.68,27.85894737
XXT,182,GM-CSF,Cuprizone,20.25,27.85894737
XXT,186,GM-CSF,Cuprizone,23.08,27.85894737
XXT,187,GM-CSF,Cuprizone,23.08,27.85894737
XXT,183,GM-CSF,Cuprizone,28.38,27.85894737
XYT,180,GM-CSF,Cuprizone,25.78,27.85894737
XYT,172,GM-CSF,Cuprizone,25.78,27.85894737
XYT,173,GM-CSF,Cuprizone,23.08,27.85894737
XYT,174,GM-CSF,Cuprizone,20.25,27.85894737
XYO,859,GM-CSF,Control,14.14,27.85894737
XYO,839,GM-CSF,Control,25.78,27.85894737
XYO,895,GM-CSF,Control,14.14,27.85894737
XXO,199,IL1a,Control,128.43,123.9405263
XXO,201,IL1a,Control,144.46,123.9405263
XXO,154,IL1a,Control,143.68,123.9405263
XXO,155,IL1a,Control,138.98,123.9405263
XXO,153,IL1a,Control,172.33,123.9405263
XYO,162,IL1a,Control,189.93,123.9405263
XYO,170,IL1a,Control,150.2,123.9405263
XXT,158,IL1a,Control,143.68,123.9405263
XXT,160,IL1a,Control,129.26,123.9405263
XXT,165,IL1a,Control,155.82,123.9405263
XXT,167,IL1a,Control,123.39,123.9405263
XXT,168,IL1a,Control,194.5,123.9405263
XYT,159,IL1a,Control,61.2,123.9405263
XYT,202,IL1a,Control,128.43,123.9405263
XYT,203,IL1a,Control,75.22,123.9405263
XYT,204,IL1a,Control,119.09,123.9405263
XXO,164,IL1a,Cuprizone,133.36,123.9405263
XXO,176,IL1a,Cuprizone,128.43,123.9405263
XXO,179,IL1a,Cuprizone,103.75,123.9405263
XXO,185,IL1a,Cuprizone,121.68,123.9405263
XYO,177,IL1a,Cuprizone,97.06,123.9405263
XYO,178,IL1a,Cuprizone,137.38,123.9405263
XYO,193,IL1a,Cuprizone,99.96,123.9405263
XYO,184,IL1a,Cuprizone,84.94,123.9405263
XXT,175,IL1a,Cuprizone,147.54,123.9405263
XXT,181,IL1a,Cuprizone,123.39,123.9405263
XXT,182,IL1a,Cuprizone,132.95,123.9405263
XXT,186,IL1a,Cuprizone,95.1,123.9405263
XXT,187,IL1a,Cuprizone,130.91,123.9405263
XXT,183,IL1a,Cuprizone,94.11,123.9405263
XYT,180,IL1a,Cuprizone,97.54,123.9405263
XYT,172,IL1a,Cuprizone,107.47,123.9405263
XYT,173,IL1a,Cuprizone,84.94,123.9405263
XYT,174,IL1a,Cuprizone,131.73,123.9405263
XYO,859,IL1a,Control,49.67,123.9405263
XYO,839,IL1a,Control,52.97,123.9405263
XYO,895,IL1a,Control,53.63,123.9405263
XXO,199,IL-2,Control,43.01,57.97210526
XXO,201,IL-2,Control,45.51,57.97210526
XXO,154,IL-2,Control,72.93,57.97210526
XXO,155,IL-2,Control,49.73,57.97210526
XXO,153,IL-2,Control,72.09,57.97210526
XYO,162,IL-2,Control,79.65,57.97210526
XYO,170,IL-2,Control,69.56,57.97210526
XXT,158,IL-2,Control,108.79,57.97210526
XXT,160,IL-2,Control,79.65,57.97210526
XXT,165,IL-2,Control,41.31,57.97210526
XXT,167,IL-2,Control,51.64,57.97210526
XXT,168,IL-2,Control,103.3,57.97210526
XYT,159,IL-2,Control,52.43,57.97210526
XYT,202,IL-2,Control,79.11,57.97210526
XYT,203,IL-2,Control,33.55,57.97210526
XYT,204,IL-2,Control,83.13,57.97210526
XXO,164,IL-2,Cuprizone,48.61,57.97210526
XXO,176,IL-2,Cuprizone,69.98,57.97210526
XXO,179,IL-2,Cuprizone,89.04,57.97210526
XXO,185,IL-2,Cuprizone,72.09,57.97210526
XYO,177,IL-2,Cuprizone,71.53,57.97210526
XYO,178,IL-2,Cuprizone,77.27,57.97210526
XYO,193,IL-2,Cuprizone,65.69,57.97210526
XYO,184,IL-2,Cuprizone,55.7,57.97210526
XXT,175,IL-2,Cuprizone,63.28,57.97210526
XXT,181,IL-2,Cuprizone,72.37,57.97210526
XXT,182,IL-2,Cuprizone,62.32,57.97210526
XXT,186,IL-2,Cuprizone,64.67,57.97210526
XXT,187,IL-2,Cuprizone,94.62,57.97210526
XXT,183,IL-2,Cuprizone,83.86,57.97210526
XYT,180,IL-2,Cuprizone,82.2,57.97210526
XYT,172,IL-2,Cuprizone,57.99,57.97210526
XYT,173,IL-2,Cuprizone,77.62,57.97210526
XYT,174,IL-2,Cuprizone,83.8,57.97210526
XYO,859,IL-2,Control,12.41,57.97210526
XYO,839,IL-2,Control,12.18,57.97210526
XYO,895,IL-2,Control,11.49,57.97210526
XXO,199,IL-9,Control,1741,1106.386316
XXO,201,IL-9,Control,1718,1106.386316
XXO,154,IL-9,Control,1188,1106.386316
XXO,155,IL-9,Control,2406,1106.386316
XXO,153,IL-9,Control,1481,1106.386316
XYO,162,IL-9,Control,1094,1106.386316
XYO,170,IL-9,Control,1974,1106.386316
XXT,158,IL-9,Control,1023,1106.386316
XXT,160,IL-9,Control,1614,1106.386316
XXT,165,IL-9,Control,754.53,1106.386316
XXT,167,IL-9,Control,1030,1106.386316
XXT,168,IL-9,Control,887.47,1106.386316
XYT,159,IL-9,Control,521.51,1106.386316
XYT,202,IL-9,Control,909.21,1106.386316
XYT,203,IL-9,Control,753.18,1106.386316
XYT,204,IL-9,Control,1047,1106.386316
XXO,164,IL-9,Cuprizone,1161,1106.386316
XXO,176,IL-9,Cuprizone,825.16,1106.386316
XXO,179,IL-9,Cuprizone,923.18,1106.386316
XXO,185,IL-9,Cuprizone,910.48,1106.386316
XYO,177,IL-9,Cuprizone,988.34,1106.386316
XYO,178,IL-9,Cuprizone,1890,1106.386316
XYO,193,IL-9,Cuprizone,745.05,1106.386316
XYO,184,IL-9,Cuprizone,335.8,1106.386316
XXT,175,IL-9,Cuprizone,963.45,1106.386316
XXT,181,IL-9,Cuprizone,656.39,1106.386316
XXT,182,IL-9,Cuprizone,833.03,1106.386316
XXT,186,IL-9,Cuprizone,1188,1106.386316
XXT,187,IL-9,Cuprizone,1108,1106.386316
XXT,183,IL-9,Cuprizone,1428,1106.386316
XYT,180,IL-9,Cuprizone,579.93,1106.386316
XYT,172,IL-9,Cuprizone,1040,1106.386316
XYT,173,IL-9,Cuprizone,701.17,1106.386316
XYT,174,IL-9,Cuprizone,2671,1106.386316
XYO,859,IL-9,Control,314.42,1106.386316
XYO,839,IL-9,Control,247.01,1106.386316
XYO,895,IL-9,Control,318.01,1106.386316
XXO,199,IL-10,Control,44.49,50.14842105
XXO,201,IL-10,Control,48.07,50.14842105
XXO,154,IL-10,Control,39.82,50.14842105
XXO,155,IL-10,Control,48.57,50.14842105
XXO,153,IL-10,Control,50.59,50.14842105
XYO,162,IL-10,Control,52.1,50.14842105
XYO,170,IL-10,Control,51.1,50.14842105
XXT,158,IL-10,Control,38.77,50.14842105
XXT,160,IL-10,Control,24.54,50.14842105
XXT,165,IL-10,Control,42.43,50.14842105
XXT,167,IL-10,Control,40.87,50.14842105
XXT,168,IL-10,Control,45.01,50.14842105
XYT,159,IL-10,Control,40.08,50.14842105
XYT,202,IL-10,Control,43.46,50.14842105
XYT,203,IL-10,Control,29.6,50.14842105
XYT,204,IL-10,Control,33.16,50.14842105
XXO,164,IL-10,Cuprizone,32.34,50.14842105
XXO,176,IL-10,Cuprizone,34.51,50.14842105
XXO,179,IL-10,Cuprizone,37.97,50.14842105
XXO,185,IL-10,Cuprizone,33.16,50.14842105
XYO,177,IL-10,Cuprizone,66.76,50.14842105
XYO,178,IL-10,Cuprizone,37.18,50.14842105
XYO,193,IL-10,Cuprizone,22.81,50.14842105
XYO,184,IL-10,Cuprizone,32.34,50.14842105
XXT,175,IL-10,Cuprizone,33.97,50.14842105
XXT,181,IL-10,Cuprizone,31.8,50.14842105
XXT,182,IL-10,Cuprizone,26.81,50.14842105
XXT,186,IL-10,Cuprizone,27.93,50.14842105
XXT,187,IL-10,Cuprizone,38.24,50.14842105
XXT,183,IL-10,Cuprizone,32.34,50.14842105
XYT,180,IL-10,Cuprizone,23.96,50.14842105
XYT,172,IL-10,Cuprizone,27.37,50.14842105
XYT,173,IL-10,Cuprizone,33.97,50.14842105
XYT,174,IL-10,Cuprizone,32.34,50.14842105
XYO,859,IL-10,Control,152.04,50.14842105
XYO,839,IL-10,Control,57.55,50.14842105
XYO,895,IL-10,Control,70.57,50.14842105
XXO,199,IL-12p40,Control,4.21,3.846315789
XXO,201,IL-12p40,Control,3.88,3.846315789
XXO,154,IL-12p40,Control,2.51,3.846315789
XXO,155,IL-12p40,Control,2.51,3.846315789
XXO,153,IL-12p40,Control,5.18,3.846315789
XYO,162,IL-12p40,Control,8.88,3.846315789
XYO,170,IL-12p40,Control,6.44,3.846315789
XXT,158,IL-12p40,Control,6.44,3.846315789
XXT,160,IL-12p40,Control,2.12,3.846315789
XXT,165,IL-12p40,Control,2.16,3.846315789
XXT,167,IL-12p40,Control,2.12,3.846315789
XXT,168,IL-12p40,Control,3.21,3.846315789
XYT,159,IL-12p40,Control,2.12,3.846315789
XYT,202,IL-12p40,Control,8.28,3.846315789
XYT,203,IL-12p40,Control,2.12,3.846315789
XYT,204,IL-12p40,Control,4.54,3.846315789
XXO,164,IL-12p40,Cuprizone,2.12,3.846315789
XXO,176,IL-12p40,Cuprizone,2.12,3.846315789
XXO,179,IL-12p40,Cuprizone,3.21,3.846315789
XXO,185,IL-12p40,Cuprizone,3.88,3.846315789
XYO,177,IL-12p40,Cuprizone,3.21,3.846315789
XYO,178,IL-12p40,Cuprizone,5.18,3.846315789
XYO,193,IL-12p40,Cuprizone,6.44,3.846315789
XYO,184,IL-12p40,Cuprizone,2.51,3.846315789
XXT,175,IL-12p40,Cuprizone,2.12,3.846315789
XXT,181,IL-12p40,Cuprizone,2.12,3.846315789
XXT,182,IL-12p40,Cuprizone,2.12,3.846315789
XXT,186,IL-12p40,Cuprizone,2.12,3.846315789
XXT,187,IL-12p40,Cuprizone,3.88,3.846315789
XXT,183,IL-12p40,Cuprizone,2.16,3.846315789
XYT,180,IL-12p40,Cuprizone,6.44,3.846315789
XYT,172,IL-12p40,Cuprizone,2.12,3.846315789
XYT,173,IL-12p40,Cuprizone,2.12,3.846315789
XYT,174,IL-12p40,Cuprizone,2.12,3.846315789
XYO,859,IL-12p40,Control,2.12,3.846315789
XYO,839,IL-12p40,Control,2.12,3.846315789
XYO,895,IL-12p40,Control,2.12,3.846315789
XXO,199,IL-12p70,Control,18.22,16.90052632
XXO,201,IL-12p70,Control,22.4,16.90052632
XXO,154,IL-12p70,Control,16.78,16.90052632
XXO,155,IL-12p70,Control,19.64,16.90052632
XXO,153,IL-12p70,Control,22.4,16.90052632
XYO,162,IL-12p70,Control,23.75,16.90052632
XYO,170,IL-12p70,Control,23.75,16.90052632
XXT,158,IL-12p70,Control,19.64,16.90052632
XXT,160,IL-12p70,Control,15.3,16.90052632
XXT,165,IL-12p70,Control,16.78,16.90052632
XXT,167,IL-12p70,Control,10.61,16.90052632
XXT,168,IL-12p70,Control,13.78,16.90052632
XYT,159,IL-12p70,Control,18.22,16.90052632
XYT,202,IL-12p70,Control,31.47,16.90052632
XYT,203,IL-12p70,Control,12.22,16.90052632
XYT,204,IL-12p70,Control,19.64,16.90052632
XXO,164,IL-12p70,Cuprizone,10.61,16.90052632
XXO,176,IL-12p70,Cuprizone,10.61,16.90052632
XXO,179,IL-12p70,Cuprizone,15.3,16.90052632
XXO,185,IL-12p70,Cuprizone,12.22,16.90052632
XYO,177,IL-12p70,Cuprizone,15.3,16.90052632
XYO,178,IL-12p70,Cuprizone,13.78,16.90052632
XYO,193,IL-12p70,Cuprizone,13.78,16.90052632
XYO,184,IL-12p70,Cuprizone,19.64,16.90052632
XXT,175,IL-12p70,Cuprizone,12.22,16.90052632
XXT,181,IL-12p70,Cuprizone,5.27,16.90052632
XXT,182,IL-12p70,Cuprizone,12.22,16.90052632
XXT,186,IL-12p70,Cuprizone,8.93,16.90052632
XXT,187,IL-12p70,Cuprizone,13.78,16.90052632
XXT,183,IL-12p70,Cuprizone,13.78,16.90052632
XYT,180,IL-12p70,Cuprizone,15.3,16.90052632
XYT,172,IL-12p70,Cuprizone,10.61,16.90052632
XYT,173,IL-12p70,Cuprizone,12.22,16.90052632
XYT,174,IL-12p70,Cuprizone,13.78,16.90052632
XYO,859,IL-12p70,Control,3.79,16.90052632
XYO,839,IL-12p70,Control,8.93,16.90052632
XYO,895,IL-12p70,Control,3.79,16.90052632
XXO,859,IL-13,Control,12.51,10.86263158
XXO,839,IL-13,Control,17.95,10.86263158
XXO,895,IL-13,Control,13.98,10.86263158
XXO,199,IL-13,Control,15.78,10.86263158
XXO,201,IL-13,Control,12.22,10.86263158
XYO,154,IL-13,Control,14.27,10.86263158
XYO,155,IL-13,Control,17.33,10.86263158
XXT,153,IL-13,Control,7.86,10.86263158
XXT,162,IL-13,Control,7.86,10.86263158
XXT,170,IL-13,Control,9.18,10.86263158
XXT,158,IL-13,Control,7.86,10.86263158
XXT,160,IL-13,Control,14.57,10.86263158
XYT,165,IL-13,Control,7.86,10.86263158
XYT,167,IL-13,Control,7.86,10.86263158
XYT,168,IL-13,Control,7.86,10.86263158
XYT,159,IL-13,Control,7.86,10.86263158
XXO,202,IL-13,Cuprizone,7.86,10.86263158
XXO,203,IL-13,Cuprizone,7.86,10.86263158
XXO,204,IL-13,Cuprizone,7.86,10.86263158
XXO,164,IL-13,Cuprizone,7.86,10.86263158
XYO,176,IL-13,Cuprizone,7.86,10.86263158
XYO,179,IL-13,Cuprizone,7.86,10.86263158
XYO,185,IL-13,Cuprizone,7.86,10.86263158
XYO,177,IL-13,Cuprizone,7.86,10.86263158
XXT,178,IL-13,Cuprizone,21.31,10.86263158
XXT,193,IL-13,Cuprizone,7.86,10.86263158
XXT,184,IL-13,Cuprizone,7.86,10.86263158
XXT,175,IL-13,Cuprizone,7.86,10.86263158
XXT,181,IL-13,Cuprizone,7.86,10.86263158
XXT,182,IL-13,Cuprizone,7.86,10.86263158
XYT,186,IL-13,Cuprizone,7.86,10.86263158
XYT,187,IL-13,Cuprizone,7.86,10.86263158
XYT,183,IL-13,Cuprizone,7.86,10.86263158
XYT,180,IL-13,Cuprizone,7.86,10.86263158
XYO,172,IL-13,Control,7.86,10.86263158
XYO,173,IL-13,Control,7.86,10.86263158
XYO,174,IL-13,Control,7.86,10.86263158
XXO,859,LIX,Control,87.08,41.52684211
XXO,839,LIX,Control,104.57,41.52684211
XXO,895,LIX,Control,65.58,41.52684211
XXO,199,LIX,Control,38.02,41.52684211
XXO,201,LIX,Control,50.89,41.52684211
XYO,154,LIX,Control,68.38,41.52684211
XYO,155,LIX,Control,68.38,41.52684211
XXT,153,LIX,Control,44.61,41.52684211
XXT,162,LIX,Control,16,41.52684211
XXT,170,LIX,Control,50.89,41.52684211
XXT,158,LIX,Control,16,41.52684211
XXT,160,LIX,Control,38.02,41.52684211
XYT,165,LIX,Control,16,41.52684211
XYT,167,LIX,Control,41.36,41.52684211
XYT,168,LIX,Control,19.23,41.52684211
XYT,159,LIX,Control,16,41.52684211
XXO,202,LIX,Cuprizone,16,41.52684211
XXO,203,LIX,Cuprizone,16,41.52684211
XXO,204,LIX,Cuprizone,16,41.52684211
XXO,164,LIX,Cuprizone,38.02,41.52684211
XYO,176,LIX,Cuprizone,16,41.52684211
XYO,179,LIX,Cuprizone,34.57,41.52684211
XYO,185,LIX,Cuprizone,16,41.52684211
XYO,177,LIX,Cuprizone,16,41.52684211
XXT,178,LIX,Cuprizone,16,41.52684211
XXT,193,LIX,Cuprizone,16,41.52684211
XXT,184,LIX,Cuprizone,16,41.52684211
XXT,175,LIX,Cuprizone,16,41.52684211
XXT,181,LIX,Cuprizone,27.28,41.52684211
XXT,182,LIX,Cuprizone,16,41.52684211
XYT,186,LIX,Cuprizone,44.61,41.52684211
XYT,187,LIX,Cuprizone,23.38,41.52684211
XYT,183,LIX,Cuprizone,16,41.52684211
XYT,180,LIX,Cuprizone,16,41.52684211
XYO,172,LIX,Control,16,41.52684211
XYO,173,LIX,Control,16,41.52684211
XYO,174,LIX,Control,16,41.52684211
XXO,859,IL-15,Control,42.14,45.90052632
XXO,839,IL-15,Control,39.39,45.90052632
XXO,895,IL-15,Control,40.77,45.90052632
XXO,199,IL-15,Control,32.32,45.90052632
XXO,201,IL-15,Control,51.46,45.90052632
XYO,154,IL-15,Control,52.76,45.90052632
XYO,155,IL-15,Control,48.83,45.90052632
XXT,153,IL-15,Control,44.84,45.90052632
XXT,162,IL-15,Control,38.7,45.90052632
XXT,170,IL-15,Control,35.19,45.90052632
XXT,158,IL-15,Control,38,45.90052632
XXT,160,IL-15,Control,40.77,45.90052632
XYT,165,IL-15,Control,44.84,45.90052632
XYT,167,IL-15,Control,50.15,45.90052632
XYT,168,IL-15,Control,29.4,45.90052632
XYT,159,IL-15,Control,39.39,45.90052632
XXO,202,IL-15,Cuprizone,36.6,45.90052632
XXO,203,IL-15,Cuprizone,30.87,45.90052632
XXO,204,IL-15,Cuprizone,33.76,45.90052632
XXO,164,IL-15,Cuprizone,30.87,45.90052632
XYO,176,IL-15,Cuprizone,36.6,45.90052632
XYO,179,IL-15,Cuprizone,35.19,45.90052632
XYO,185,IL-15,Cuprizone,27.91,45.90052632
XYO,177,IL-15,Cuprizone,40.77,45.90052632
XXT,178,IL-15,Cuprizone,43.49,45.90052632
XXT,193,IL-15,Cuprizone,30.87,45.90052632
XXT,184,IL-15,Cuprizone,32.32,45.90052632
XXT,175,IL-15,Cuprizone,27.91,45.90052632
XXT,181,IL-15,Cuprizone,36.6,45.90052632
XXT,182,IL-15,Cuprizone,36.6,45.90052632
XYT,186,IL-15,Cuprizone,32.32,45.90052632
XYT,187,IL-15,Cuprizone,24.88,45.90052632
XYT,183,IL-15,Cuprizone,29.4,45.90052632
XYT,180,IL-15,Cuprizone,29.4,45.90052632
XYO,172,IL-15,Control,82.36,45.90052632
XYO,173,IL-15,Control,56.62,45.90052632
XYO,174,IL-15,Control,64.18,45.90052632
XXO,859,IL-17a,Control,32,16.23842105
XXO,839,IL-17a,Control,39.24,16.23842105
XXO,895,IL-17a,Control,20.31,16.23842105
XXO,199,IL-17a,Control,17.97,16.23842105
XXO,201,IL-17a,Control,25.05,16.23842105
XYO,154,IL-17a,Control,20.38,16.23842105
XYO,155,IL-17a,Control,23.84,16.23842105
XXT,153,IL-17a,Control,14.77,16.23842105
XXT,162,IL-17a,Control,9.19,16.23842105
XXT,170,IL-17a,Control,24.92,16.23842105
XXT,158,IL-17a,Control,14.21,16.23842105
XXT,160,IL-17a,Control,25.85,16.23842105
XYT,165,IL-17a,Control,6.33,16.23842105
XYT,167,IL-17a,Control,9.32,16.23842105
XYT,168,IL-17a,Control,9.74,16.23842105
XYT,159,IL-17a,Control,9.05,16.23842105
XXO,202,IL-17a,Cuprizone,9.88,16.23842105
XXO,203,IL-17a,Cuprizone,13.51,16.23842105
XXO,204,IL-17a,Cuprizone,7.41,16.23842105
XXO,164,IL-17a,Cuprizone,18.66,16.23842105
XYO,176,IL-17a,Cuprizone,6.87,16.23842105
XYO,179,IL-17a,Cuprizone,10.57,16.23842105
XYO,185,IL-17a,Cuprizone,7.41,16.23842105
XYO,177,IL-17a,Cuprizone,6.73,16.23842105
XXT,178,IL-17a,Cuprizone,13.79,16.23842105
XXT,193,IL-17a,Cuprizone,9.74,16.23842105
XXT,184,IL-17a,Cuprizone,10.85,16.23842105
XXT,175,IL-17a,Cuprizone,5.67,16.23842105
XXT,181,IL-17a,Cuprizone,8.91,16.23842105
XXT,182,IL-17a,Cuprizone,7.13,16.23842105
XYT,186,IL-17a,Cuprizone,6.53,16.23842105
XYT,187,IL-17a,Cuprizone,8.64,16.23842105
XYT,183,IL-17a,Cuprizone,6.2,16.23842105
XYT,180,IL-17a,Cuprizone,7.95,16.23842105
XYO,172,IL-17a,Control,2.12,16.23842105
XYO,173,IL-17a,Control,2.12,16.23842105
XYO,174,IL-17a,Control,2.12,16.23842105
XXO,859,IP-10,Control,38.56,40.83631579
XXO,839,IP-10,Control,18.79,40.83631579
XXO,895,IP-10,Control,25.92,40.83631579
XXO,199,IP-10,Control,43.42,40.83631579
XXO,201,IP-10,Control,59.4,40.83631579
XYO,154,IP-10,Control,54.42,40.83631579
XYO,155,IP-10,Control,66.8,40.83631579
XXT,153,IP-10,Control,29.47,40.83631579
XXT,162,IP-10,Control,24.25,40.83631579
XXT,170,IP-10,Control,30.13,40.83631579
XXT,158,IP-10,Control,28.42,40.83631579
XXT,160,IP-10,Control,26.98,40.83631579
XYT,165,IP-10,Control,78.17,40.83631579
XYT,167,IP-10,Control,36.94,40.83631579
XYT,168,IP-10,Control,37.48,40.83631579
XYT,159,IP-10,Control,43.03,40.83631579
XXO,202,IP-10,Cuprizone,148.4,40.83631579
XXO,203,IP-10,Cuprizone,190.33,40.83631579
XXO,204,IP-10,Cuprizone,258.02,40.83631579
XXO,164,IP-10,Cuprizone,241.99,40.83631579
XYO,176,IP-10,Cuprizone,235.44,40.83631579
XYO,179,IP-10,Cuprizone,198.55,40.83631579
XYO,185,IP-10,Cuprizone,229.66,40.83631579
XYO,177,IP-10,Cuprizone,253.41,40.83631579
XXT,178,IP-10,Cuprizone,31.63,40.83631579
XXT,193,IP-10,Cuprizone,199.04,40.83631579
XXT,184,IP-10,Cuprizone,189.71,40.83631579
XXT,175,IP-10,Cuprizone,289.78,40.83631579
XXT,181,IP-10,Cuprizone,307.55,40.83631579
XXT,182,IP-10,Cuprizone,181.37,40.83631579
XYT,186,IP-10,Cuprizone,324.42,40.83631579
XYT,187,IP-10,Cuprizone,168.42,40.83631579
XYT,183,IP-10,Cuprizone,150.58,40.83631579
XYT,180,IP-10,Cuprizone,113.79,40.83631579
XYO,172,IP-10,Control,49.57,40.83631579
XYO,173,IP-10,Control,71.44,40.83631579
XYO,174,IP-10,Control,12.7,40.83631579
XXO,859,KC,Control,26.1,18.01578947
XXO,839,KC,Control,33.72,18.01578947
XXO,895,KC,Control,23.33,18.01578947
XXO,199,KC,Control,29.73,18.01578947
XXO,201,KC,Control,21.45,18.01578947
XYO,154,KC,Control,28.83,18.01578947
XYO,155,KC,Control,24.26,18.01578947
XXT,153,KC,Control,15.22,18.01578947
XXT,162,KC,Control,12.78,18.01578947
XXT,170,KC,Control,23.79,18.01578947
XXT,158,KC,Control,12.78,18.01578947
XXT,160,KC,Control,21.45,18.01578947
XYT,165,KC,Control,9.35,18.01578947
XYT,167,KC,Control,17.4,18.01578947
XYT,168,KC,Control,18.12,18.01578947
XYT,159,KC,Control,11.8,18.01578947
XXO,202,KC,Cuprizone,13.76,18.01578947
XXO,203,KC,Cuprizone,19.08,18.01578947
XXO,204,KC,Cuprizone,14.25,18.01578947
XXO,164,KC,Cuprizone,23.33,18.01578947
XYO,176,KC,Cuprizone,12.29,18.01578947
XYO,179,KC,Cuprizone,20.5,18.01578947
XYO,185,KC,Cuprizone,14.73,18.01578947
XYO,177,KC,Cuprizone,16.67,18.01578947
XXT,178,KC,Cuprizone,21.92,18.01578947
XXT,193,KC,Cuprizone,14.73,18.01578947
XXT,184,KC,Cuprizone,21.21,18.01578947
XXT,175,KC,Cuprizone,14.98,18.01578947
XXT,181,KC,Cuprizone,20.27,18.01578947
XXT,182,KC,Cuprizone,10.82,18.01578947
XYT,186,KC,Cuprizone,11.8,18.01578947
XYT,187,KC,Cuprizone,14.25,18.01578947
XYT,183,KC,Cuprizone,8.38,18.01578947
XYT,180,KC,Cuprizone,15.22,18.01578947
XYO,172,KC,Control,5.96,18.01578947
XYO,173,KC,Control,5.02,18.01578947
XYO,174,KC,Control,1.21,18.01578947
XXO,859,MCP-1,Control,25.79,26.89789474
XXO,839,MCP-1,Control,25.79,26.89789474
XXO,895,MCP-1,Control,25.79,26.89789474
XXO,199,MCP-1,Control,50.85,26.89789474
XXO,201,MCP-1,Control,30.5,26.89789474
XYO,154,MCP-1,Control,30.5,26.89789474
XYO,155,MCP-1,Control,30.5,26.89789474
XXT,153,MCP-1,Control,25.79,26.89789474
XXT,162,MCP-1,Control,25.79,26.89789474
XXT,170,MCP-1,Control,20.79,26.89789474
XXT,158,MCP-1,Control,20.79,26.89789474
XXT,160,MCP-1,Control,20.79,26.89789474
XYT,165,MCP-1,Control,25.79,26.89789474
XYT,167,MCP-1,Control,54.44,26.89789474
XYT,168,MCP-1,Control,20.79,26.89789474
XYT,159,MCP-1,Control,30.5,26.89789474
XXO,202,MCP-1,Cuprizone,30.5,26.89789474
XXO,203,MCP-1,Cuprizone,20.79,26.89789474
XXO,204,MCP-1,Cuprizone,30.5,26.89789474
XXO,164,MCP-1,Cuprizone,25.79,26.89789474
XYO,176,MCP-1,Cuprizone,30.5,26.89789474
XYO,179,MCP-1,Cuprizone,34.96,26.89789474
XYO,185,MCP-1,Cuprizone,30.5,26.89789474
XYO,177,MCP-1,Cuprizone,34.96,26.89789474
XXT,178,MCP-1,Cuprizone,25.79,26.89789474
XXT,193,MCP-1,Cuprizone,25.79,26.89789474
XXT,184,MCP-1,Cuprizone,20.79,26.89789474
XXT,175,MCP-1,Cuprizone,25.79,26.89789474
XXT,181,MCP-1,Cuprizone,30.5,26.89789474
XXT,182,MCP-1,Cuprizone,25.79,26.89789474
XYT,186,MCP-1,Cuprizone,25.79,26.89789474
XYT,187,MCP-1,Cuprizone,20.79,26.89789474
XYT,183,MCP-1,Cuprizone,20.79,26.89789474
XYT,180,MCP-1,Cuprizone,39.2,26.89789474
XYO,172,MCP-1,Control,15.44,26.89789474
XYO,173,MCP-1,Control,20.79,26.89789474
XYO,174,MCP-1,Control,9.64,26.89789474
XXO,859,MIP-1a,Control,125.24,81.01368421
XXO,839,MIP-1a,Control,139.46,81.01368421
XXO,895,MIP-1a,Control,89.48,81.01368421
XXO,199,MIP-1a,Control,193.65,81.01368421
XXO,201,MIP-1a,Control,81.59,81.01368421
XYO,154,MIP-1a,Control,70.31,81.01368421
XYO,155,MIP-1a,Control,115.58,81.01368421
XXT,153,MIP-1a,Control,56.7,81.01368421
XXT,162,MIP-1a,Control,67.81,81.01368421
XXT,170,MIP-1a,Control,67.81,81.01368421
XXT,158,MIP-1a,Control,56.7,81.01368421
XXT,160,MIP-1a,Control,56.7,81.01368421
XYT,165,MIP-1a,Control,46.79,81.01368421
XYT,167,MIP-1a,Control,63.87,81.01368421
XYT,168,MIP-1a,Control,97.47,81.01368421
XYT,159,MIP-1a,Control,63.87,81.01368421
XXO,202,MIP-1a,Cuprizone,63.87,81.01368421
XXO,203,MIP-1a,Cuprizone,75.05,81.01368421
XXO,204,MIP-1a,Cuprizone,73.89,81.01368421
XXO,164,MIP-1a,Cuprizone,70.31,81.01368421
XYO,176,MIP-1a,Cuprizone,71.52,81.01368421
XYO,179,MIP-1a,Cuprizone,118.26,81.01368421
XYO,185,MIP-1a,Cuprizone,81.59,81.01368421
XYO,177,MIP-1a,Cuprizone,86.62,81.01368421
XXT,178,MIP-1a,Cuprizone,58.2,81.01368421
XXT,193,MIP-1a,Cuprizone,59.66,81.01368421
XXT,184,MIP-1a,Cuprizone,62.5,81.01368421
XXT,175,MIP-1a,Cuprizone,71.52,81.01368421
XXT,181,MIP-1a,Cuprizone,79.48,81.01368421
XXT,182,MIP-1a,Cuprizone,70.31,81.01368421
XYT,186,MIP-1a,Cuprizone,71.52,81.01368421
XYT,187,MIP-1a,Cuprizone,75.05,81.01368421
XYT,183,MIP-1a,Cuprizone,55.16,81.01368421
XYT,180,MIP-1a,Cuprizone,110.68,81.01368421
XYO,172,MIP-1a,Control,43.07,81.01368421
XYO,173,MIP-1a,Control,58.2,81.01368421
XYO,174,MIP-1a,Control,44.96,81.01368421
XXO,859,MIP-1b,Control,29.48,26.05052632
XXO,839,MIP-1b,Control,29.48,26.05052632
XXO,895,MIP-1b,Control,28.3,26.05052632
XXO,199,MIP-1b,Control,25.83,26.05052632
XXO,201,MIP-1b,Control,28.3,26.05052632
XYO,154,MIP-1b,Control,36.34,26.05052632
XYO,155,MIP-1b,Control,32.79,26.05052632
XXT,153,MIP-1b,Control,31.72,26.05052632
XXT,162,MIP-1b,Control,23.17,26.05052632
XXT,170,MIP-1b,Control,28.3,26.05052632
XXT,158,MIP-1b,Control,20.28,26.05052632
XXT,160,MIP-1b,Control,20.28,26.05052632
XYT,165,MIP-1b,Control,30.61,26.05052632
XYT,167,MIP-1b,Control,34.86,26.05052632
XYT,168,MIP-1b,Control,18.73,26.05052632
XYT,159,MIP-1b,Control,30.61,26.05052632
XXO,202,MIP-1b,Cuprizone,71.23,26.05052632
XXO,203,MIP-1b,Cuprizone,96.01,26.05052632
XXO,204,MIP-1b,Cuprizone,116.79,26.05052632
XXO,164,MIP-1b,Cuprizone,95.68,26.05052632
XYO,176,MIP-1b,Cuprizone,99.92,26.05052632
XYO,179,MIP-1b,Cuprizone,72.9,26.05052632
XYO,185,MIP-1b,Cuprizone,116.79,26.05052632
XYO,177,MIP-1b,Cuprizone,179.77,26.05052632
XXT,178,MIP-1b,Cuprizone,30.61,26.05052632
XXT,193,MIP-1b,Cuprizone,86.02,26.05052632
XXT,184,MIP-1b,Cuprizone,81.25,26.05052632
XXT,175,MIP-1b,Cuprizone,104.24,26.05052632
XXT,181,MIP-1b,Cuprizone,114.15,26.05052632
XXT,182,MIP-1b,Cuprizone,70.01,26.05052632
XYT,186,MIP-1b,Cuprizone,114.69,26.05052632
XYT,187,MIP-1b,Cuprizone,57.34,26.05052632
XYT,183,MIP-1b,Cuprizone,61.51,26.05052632
XYT,180,MIP-1b,Cuprizone,51.43,26.05052632
XYO,172,MIP-1b,Control,15.34,26.05052632
XYO,173,MIP-1b,Control,17.08,26.05052632
XYO,174,MIP-1b,Control,13.46,26.05052632
XXO,859,MCSF,Control,3.17,4.735263158
XXO,839,MCSF,Control,3.62,4.735263158
XXO,895,MCSF,Control,4.09,4.735263158
XXO,199,MCSF,Control,3.62,4.735263158
XXO,201,MCSF,Control,4.58,4.735263158
XYO,154,MCSF,Control,6.69,4.735263158
XYO,155,MCSF,Control,6.14,4.735263158
XXT,153,MCSF,Control,4.58,4.735263158
XXT,162,MCSF,Control,5.09,4.735263158
XXT,170,MCSF,Control,4.58,4.735263158
XXT,158,MCSF,Control,5.09,4.735263158
XXT,160,MCSF,Control,4.09,4.735263158
XYT,165,MCSF,Control,5.09,4.735263158
XYT,167,MCSF,Control,8.99,4.735263158
XYT,168,MCSF,Control,4.09,4.735263158
XYT,159,MCSF,Control,4.58,4.735263158
XXO,202,MCSF,Cuprizone,6.69,4.735263158
XXO,203,MCSF,Cuprizone,6.69,4.735263158
XXO,204,MCSF,Cuprizone,10.8,4.735263158
XXO,164,MCSF,Cuprizone,7.82,4.735263158
XYO,176,MCSF,Cuprizone,8.99,4.735263158
XYO,179,MCSF,Cuprizone,6.69,4.735263158
XYO,185,MCSF,Cuprizone,11.41,4.735263158
XYO,177,MCSF,Cuprizone,15.22,4.735263158
XXT,178,MCSF,Cuprizone,2.48,4.735263158
XXT,193,MCSF,Cuprizone,8.11,4.735263158
XXT,184,MCSF,Cuprizone,7.82,4.735263158
XXT,175,MCSF,Cuprizone,8.4,4.735263158
XXT,181,MCSF,Cuprizone,12.67,4.735263158
XXT,182,MCSF,Cuprizone,6.69,4.735263158
XYT,186,MCSF,Cuprizone,12.04,4.735263158
XYT,187,MCSF,Cuprizone,4.58,4.735263158
XYT,183,MCSF,Cuprizone,4.09,4.735263158
XYT,180,MCSF,Cuprizone,4.09,4.735263158
XYO,172,MCSF,Control,3.62,4.735263158
XYO,173,MCSF,Control,5.09,4.735263158
XYO,174,MCSF,Control,3.17,4.735263158
XXO,859,MIP-2,Control,20.71,25.11736842
XXO,839,MIP-2,Control,20.71,25.11736842
XXO,895,MIP-2,Control,20.71,25.11736842
XXO,199,MIP-2,Control,20.71,25.11736842
XXO,201,MIP-2,Control,25.15,25.11736842
XYO,154,MIP-2,Control,29.3,25.11736842
XYO,155,MIP-2,Control,29.3,25.11736842
XXT,153,MIP-2,Control,25.15,25.11736842
XXT,162,MIP-2,Control,20.71,25.11736842
XXT,170,MIP-2,Control,25.15,25.11736842
XXT,158,MIP-2,Control,15.87,25.11736842
XXT,160,MIP-2,Control,15.87,25.11736842
XYT,165,MIP-2,Control,22.97,25.11736842
XYT,167,MIP-2,Control,50.8,25.11736842
XYT,168,MIP-2,Control,18.35,25.11736842
XYT,159,MIP-2,Control,25.15,25.11736842
XXO,202,MIP-2,Cuprizone,20.71,25.11736842
XXO,203,MIP-2,Cuprizone,20.71,25.11736842
XXO,204,MIP-2,Cuprizone,29.3,25.11736842
XXO,164,MIP-2,Cuprizone,20.71,25.11736842
XYO,176,MIP-2,Cuprizone,29.3,25.11736842
XYO,179,MIP-2,Cuprizone,29.3,25.11736842
XYO,185,MIP-2,Cuprizone,29.3,25.11736842
XYO,177,MIP-2,Cuprizone,25.15,25.11736842
XXT,178,MIP-2,Cuprizone,20.71,25.11736842
XXT,193,MIP-2,Cuprizone,20.71,25.11736842
XXT,184,MIP-2,Cuprizone,20.71,25.11736842
XXT,175,MIP-2,Cuprizone,25.15,25.11736842
XXT,181,MIP-2,Cuprizone,29.3,25.11736842
XXT,182,MIP-2,Cuprizone,25.15,25.11736842
XYT,186,MIP-2,Cuprizone,29.3,25.11736842
XYT,187,MIP-2,Cuprizone,15.87,25.11736842
XYT,183,MIP-2,Cuprizone,20.71,25.11736842
XYT,180,MIP-2,Cuprizone,20.71,25.11736842
XYO,172,MIP-2,Control,29.3,25.11736842
XYO,173,MIP-2,Control,40.61,25.11736842
XYO,174,MIP-2,Control,20.71,25.11736842
XXO,859,MIG,Control,5.36,4.633157895
XXO,839,MIG,Control,4.98,4.633157895
XXO,895,MIG,Control,2.55,4.633157895
XXO,199,MIG,Control,4.6,4.633157895
XXO,201,MIG,Control,4.98,4.633157895
XYO,154,MIG,Control,5.36,4.633157895
XYO,155,MIG,Control,6.15,4.633157895
XXT,153,MIG,Control,3.15,4.633157895
XXT,162,MIG,Control,3.86,4.633157895
XXT,170,MIG,Control,2.55,4.633157895
XXT,158,MIG,Control,3.5,4.633157895
XXT,160,MIG,Control,2.55,4.633157895
XYT,165,MIG,Control,3.15,4.633157895
XYT,167,MIG,Control,5.36,4.633157895
XYT,168,MIG,Control,2.55,4.633157895
XYT,159,MIG,Control,2.55,4.633157895
XXO,202,MIG,Cuprizone,3.86,4.633157895
XXO,203,MIG,Cuprizone,6.15,4.633157895
XXO,204,MIG,Cuprizone,10.69,4.633157895
XXO,164,MIG,Cuprizone,14.91,4.633157895
XYO,176,MIG,Cuprizone,17.43,4.633157895
XYO,179,MIG,Cuprizone,9.43,4.633157895
XYO,185,MIG,Cuprizone,5.36,4.633157895
XYO,177,MIG,Cuprizone,5.75,4.633157895
XXT,178,MIG,Cuprizone,2.55,4.633157895
XXT,193,MIG,Cuprizone,3.86,4.633157895
XXT,184,MIG,Cuprizone,6.55,4.633157895
XXT,175,MIG,Cuprizone,12.37,4.633157895
XXT,181,MIG,Cuprizone,9.85,4.633157895
XXT,182,MIG,Cuprizone,11.95,4.633157895
XYT,186,MIG,Cuprizone,5.75,4.633157895
XYT,187,MIG,Cuprizone,3.86,4.633157895
XYT,183,MIG,Cuprizone,4.22,4.633157895
XYT,180,MIG,Cuprizone,7.77,4.633157895
XYO,172,MIG,Control,6.95,4.633157895
XYO,173,MIG,Control,15.33,4.633157895
XYO,174,MIG,Control,2.55,4.633157895
XXO,859,VEGF,Control,4.86,6.122105263
XXO,839,VEGF,Control,4.55,6.122105263
XXO,895,VEGF,Control,9.29,6.122105263
XXO,199,VEGF,Control,7.65,6.122105263
XXO,201,VEGF,Control,2.34,6.122105263
XYO,154,VEGF,Control,3.87,6.122105263
XYO,155,VEGF,Control,4.78,6.122105263
XXT,153,VEGF,Control,2.15,6.122105263
XXT,162,VEGF,Control,2.06,6.122105263
XXT,170,VEGF,Control,6.27,6.122105263
XXT,158,VEGF,Control,2.06,6.122105263
XXT,160,VEGF,Control,2.34,6.122105263
XYT,165,VEGF,Control,2.06,6.122105263
XYT,167,VEGF,Control,2.06,6.122105263
XYT,168,VEGF,Control,51.74,6.122105263
XYT,159,VEGF,Control,2.06,6.122105263
XXO,202,VEGF,Cuprizone,2.06,6.122105263
XXO,203,VEGF,Cuprizone,2.06,6.122105263
XXO,204,VEGF,Cuprizone,2.06,6.122105263
XXO,164,VEGF,Cuprizone,3.15,6.122105263
XYO,176,VEGF,Cuprizone,2.06,6.122105263
XYO,179,VEGF,Cuprizone,4.32,6.122105263
XYO,185,VEGF,Cuprizone,2.06,6.122105263
XYO,177,VEGF,Cuprizone,2.06,6.122105263
XXT,178,VEGF,Cuprizone,3.08,6.122105263
XXT,193,VEGF,Cuprizone,3.29,6.122105263
XXT,184,VEGF,Cuprizone,2.87,6.122105263
XXT,175,VEGF,Cuprizone,2.06,6.122105263
XXT,181,VEGF,Cuprizone,2.06,6.122105263
XXT,182,VEGF,Cuprizone,2.47,6.122105263
XYT,186,VEGF,Cuprizone,2.06,6.122105263
XYT,187,VEGF,Cuprizone,4.1,6.122105263
XYT,183,VEGF,Cuprizone,2.06,6.122105263
XYT,180,VEGF,Cuprizone,4.71,6.122105263
XYO,172,VEGF,Control,2.06,6.122105263
XYO,173,VEGF,Control,2.06,6.122105263
XYO,174,VEGF,Control,2.06,6.122105263